[{"model": "gallery.photoentity", "pk": 24, "fields": {"photo_title": "test1", "photo_file": "images/6d220fe45d79c7a8ed4b1365f4a6aacb.jpg", "photo_date": "2017-12-23T13:09:50.011Z"}}, {"model": "gallery.photoentity", "pk": 25, "fields": {"photo_title": "test2", "photo_file": "images/6KFMdgK_1.png", "photo_date": "2017-12-23T13:10:02.823Z"}}, {"model": "gallery.photoentity", "pk": 26, "fields": {"photo_title": "test3", "photo_file": "images/4c785c55c8524a63ddd29baf2a317f39.jpg", "photo_date": "2017-12-23T13:10:16.342Z"}}, {"model": "gallery.photoentity", "pk": 28, "fields": {"photo_title": "test5", "photo_file": "images/15dc4db1cf17e788.jpeg", "photo_date": "2017-12-23T13:11:29.155Z"}}, {"model": "pages.workentity", "pk": 1, "fields": {"work_title": "work_one", "work_content": "<p><strong>My Project One</strong></p>\r\n\r\n<p><img alt=\"\" src=\"http://animals.sandiegozoo.org/sites/default/files/2016-10/animals_hero_fennec2.jpg\" style=\"border-style:solid; border-width:2px; float:right; height:84px; width:150px\" />Lorem ipsum dolor sit amet, consectetur adipiscing elit. Sed dui dui, pellentesque nec erat vitae, iaculis varius quam. Phasellus rhoncus nisi arcu, sit amet accumsan justo mattis a. Fusce facilisis id lectus a consequat. Sed dolor nisi, semper sit amet dapibus sit amet, maximus dignissim nisi. Pellentesque habitant morbi tristique senectus et netus et malesuada fames ac turpis egestas. Aliquam ultrices justo eu ante cursus, ac euismod augue sodales. Quisque a est magna. Etiam non diam at sapien ultricies rhoncus a vitae libero. Curabitur vehicula diam non sagittis euismod.</p>\r\n\r\n<p>Aenean lectus turpis, vehicula sed nunc id, ullamcorper rutrum justo. Nulla eget laoreet massa. Fusce vel nibh vel mi mollis aliquam at eu felis. Curabitur varius, tortor non mattis dapibus, dolor ante elementum nunc, eget congue diam mi ac dolor. Praesent tristique urna a lectus varius, sit amet ultrices velit ornare. Proin consectetur blandit finibus. In tristique, massa eu commodo fringilla, augue eros congue ligula, et finibus tellus nulla eget mi.</p>", "work_date": "2017-12-22T10:40:10.057Z"}}, {"model": "pages.workentity", "pk": 2, "fields": {"work_title": "works_two", "work_content": "<p><strong>My Project Two</strong></p>\r\n\r\n<p><img alt=\"\" src=\"https://i.pinimg.com/originals/0a/82/1b/0a821b907790ba010080ce47b69960da.jpg\" style=\"border-style:solid; border-width:2px; float:left; height:84px; width:150px\" />Praesent molestie ornare nibh, vitae pulvinar metus iaculis vitae. Proin maximus arcu id consequat pellentesque. Vivamus faucibus risus tincidunt turpis tincidunt faucibus. Nullam faucibus tempus justo at tempus. Ut eleifend consequat tristique. Duis faucibus vel nibh non ultrices. Pellentesque in dolor ligula. Ut sodales ligula eu tellus vulputate ultricies non id tellus. Sed et sollicitudin orci, sed accumsan dui. Maecenas vel interdum dolor. Morbi malesuada, magna et rutrum maximus,&nbsp;</p>", "work_date": "2017-12-24T20:01:14.577Z"}}, {"model": "pages.bioentity", "pk": 1, "fields": {"bio_title": "coverletter", "bio_content": "<p><span style=\"font-size:14px\"><span style=\"font-family:Tahoma,Geneva,sans-serif\">Lorem ipsum dolor sit amet, consectetur adipiscing elit. Quisque venenatis enim urna, quis sagittis arcu feugiat sed. Aliquam vestibulum pretium elit quis eleifend. Maecenas ac turpis non metus mollis efficitur. Nulla tempor nisi eu accumsan fringilla.</span></span></p>\r\n\r\n<p><span style=\"font-size:14px\"><span style=\"font-family:Tahoma,Geneva,sans-serif\">Class aptent taciti sociosqu ad litora torquent per conubia nostra, per inceptos himenaeos. Sed eget facilisis nulla. Donec elementum urna sed maximus maximus. Nam rutrum magna id tellus faucibus sollicitudin. Morbi iaculis nibh quis lectus accumsan accumsan. Quisque posuere elementum lobortis. Sed malesuada auctor magna rhoncus rhoncus.Etiam non euismod est, vel finibus leo. Nulla ipsum nulla, facilisis vitae convallis ac, sagittis ac leo. Ut gravida enim eu risus lobortis, eu scelerisque risus venenatis. Vestibulum at odio ex.&nbsp;</span></span></p>\r\n\r\n<p><span style=\"font-size:14px\"><span style=\"font-family:Tahoma,Geneva,sans-serif\">Duis nibh arcu, dictum non finibus nec, volutpat faucibus nunc. Nunc fringilla diam in justo sagittis sollicitudin. Proin eget nisl vitae diam tincidunt consequat. Nullam et sodales sapien, vel imperdiet tortor. Duis aliquam, urna et euismod vestibulum, sapien ligula tempus justo, sit amet bibendum nisl massa et lacus. Aenean nec tortor in ante tempus laoreet.</span></span></p>", "bio_date": "2017-12-24T18:08:49.873Z"}}, {"model": "pages.bioentity", "pk": 2, "fields": {"bio_title": "list_skills", "bio_content": "<p><strong><span style=\"font-family:Lato\">SKILLS AND INTERESTS</span></strong></p>\r\n\r\n<p style=\"margin-left:40px; text-align:justify\"><span style=\"font-family:Lato\"><span style=\"font-size:12pt\"><span style=\"font-size:11.0pt\">Full-stack web development using Java EE toolkits(JSP, Servlet, Beans, JDBC), JavaScript frameworks(Angular 2, jQuery, node.js), HTML5, CSS3, Firebase, Bootstrap, AWS</span></span></span></p>\r\n\r\n<p style=\"margin-left:40px; text-align:justify\"><span style=\"font-family:Lato\"><span style=\"font-size:12pt\"><span style=\"font-size:11.0pt\">Mobile application development using Android SDK </span></span></span></p>\r\n\r\n<p style=\"margin-left:40px; text-align:justify\"><span style=\"font-family:Lato\"><span style=\"font-size:12pt\"><span style=\"font-size:11.0pt\">Understanding of other languages: C, C++, Python , PHP, MySQL, C# (.NET Core)</span></span></span></p>", "bio_date": "2017-12-24T18:21:00.273Z"}}, {"model": "pages.bioentity", "pk": 3, "fields": {"bio_title": "list_exp", "bio_content": "<p><strong><span style=\"font-family:Lato\">WORK&nbsp;EXPERIENCES</span></strong></p>\r\n\r\n<p style=\"margin-left:40px\"><span style=\"font-family:Lato\">Web Developer [April 2016 - July 2017]</span></p>\r\n\r\n<p style=\"margin-left:40px\">Lorem ipsum dolor sit amet, consectetur adipiscing elit. Integer sollicitudin eleifend neque, ac varius odio vehicula eget. Proin aliquam risus ac elit accumsan interdum</p>\r\n\r\n<p style=\"margin-left:40px\">&nbsp;</p>\r\n\r\n<p style=\"margin-left:40px\"><span style=\"font-family:Lato\">Office Intern [April 2015&nbsp;- July 2016]</span></p>\r\n\r\n<p style=\"margin-left:40px\">Lorem ipsum dolor sit amet, consectetur adipiscing elit. Integer sollicitudin eleifend neque, ac varius odio vehicula eget. Proin aliquam risus ac elit accumsan interdum</p>\r\n\r\n<p style=\"margin-left:40px\">&nbsp;</p>\r\n\r\n<p style=\"margin-left:40px\"><span style=\"font-family:Lato\">Clerk [April 2013&nbsp;- February&nbsp;2015]</span></p>\r\n\r\n<p style=\"margin-left:40px\">Lorem ipsum dolor sit amet, consectetur adipiscing elit. Integer sollicitudin eleifend neque, ac varius odio vehicula eget. Proin aliquam risus ac elit accumsan interdum</p>", "bio_date": "2017-12-24T19:12:17.685Z"}}, {"model": "pages.bioentity", "pk": 4, "fields": {"bio_title": "list_edu", "bio_content": "<p><strong><span style=\"font-family:Lato\">EDUCATIONAL BACKGROUND</span></strong></p>\r\n\r\n<p style=\"margin-left:40px\"><span style=\"font-family:Lato\">Stanford University, California, United States&nbsp;[July 2011 - January 2016]</span></p>\r\n\r\n<p style=\"margin-left:40px\">Lorem ipsum dolor sit amet, consectetur adipiscing elit. Integer sollicitudin eleifend neque, ac varius odio vehicula eget. Proin aliquam risus ac elit accumsan interdum</p>\r\n\r\n<p style=\"margin-left:40px\">&nbsp;</p>\r\n\r\n<p style=\"margin-left:40px\"><span style=\"font-family:Lato\">Queens International High School, Quebec, Canada&nbsp;[July 2011 - January 2016]</span></p>\r\n\r\n<p style=\"margin-left:40px\">Lorem ipsum dolor sit amet, consectetur adipiscing elit. Integer sollicitudin eleifend neque, ac varius odio vehicula eget. Proin aliquam risus ac elit accumsan interdum</p>\r\n\r\n<p>&nbsp;</p>", "bio_date": "2017-12-24T19:38:05.675Z"}}, {"model": "auth.user", "pk": 1, "fields": {"password": "pbkdf2_sha256$100000$wTgHNbmkQmrt$YVI2AVTEJe58PMfEWsW2XviErR1IULg74VSJ/L/0ugE=", "last_login": "2017-12-21T07:46:23Z", "is_superuser": true, "username": "admin", "first_name": "Administrator", "last_name": "", "email": "admin@admin.ca", "is_staff": true, "is_active": true, "date_joined": "2017-12-21T01:05:15Z", "groups": [], "user_permissions": []}}, {"model": "auth.user", "pk": 2, "fields": {"password": "pbkdf2_sha256$100000$UhxrBut38YOz$qw2BjG3JQEG2eTiKIWI1XPAoSSj0r4Tmr7YHfn4eJU4=", "last_login": "2017-12-25T11:14:29.822Z", "is_superuser": false, "username": "qkddjs", "first_name": "Sung Wook", "last_name": "Jo", "email": "qkddjs@hotmail.com", "is_staff": true, "is_active": true, "date_joined": "2017-12-25T11:09:47Z", "groups": [], "user_permissions": [19, 20, 21, 31, 32, 33, 34, 35, 36]}}, {"model": "sessions.session", "pk": "ap15pw77r4hi4iwftf03c55bn2oyk7tc", "fields": {"session_data": "NTZiMmE0MTNmZDVlZWUyYmI3YjhjNTNlM2RjNGVkYzBjZGNiNjNjNTp7Il9hdXRoX3VzZXJfaWQiOiIyIiwiX2F1dGhfdXNlcl9iYWNrZW5kIjoiZGphbmdvLmNvbnRyaWIuYXV0aC5iYWNrZW5kcy5Nb2RlbEJhY2tlbmQiLCJfYXV0aF91c2VyX2hhc2giOiI3MDkzYzhjZTEzNDBmMGI2YzYxMDFiMDUwMGQ0YjJiODYxM2JjZjEyIn0=", "expire_date": "2018-01-08T11:14:29.881Z"}}, {"model": "easy_thumbnails.source", "pk": 1, "fields": {"storage_hash": "5e4fc44a8986f46175c0675df42cf544", "name": "images/6KFMdgK_1.png", "modified": "2017-12-21T12:09:23.360Z"}}, {"model": "easy_thumbnails.source", "pk": 2, "fields": {"storage_hash": "5e4fc44a8986f46175c0675df42cf544", "name": "images/55633e2c12bf86b22ff1cf1d92282451.jpg", "modified": "2017-12-21T12:12:14.664Z"}}, {"model": "easy_thumbnails.source", "pk": 3, "fields": {"storage_hash": "5e4fc44a8986f46175c0675df42cf544", "name": "images/0005.jpg", "modified": "2017-12-21T12:35:17.703Z"}}, {"model": "easy_thumbnails.source", "pk": 4, "fields": {"storage_hash": "5e4fc44a8986f46175c0675df42cf544", "name": "images/55ff6024ba47cb862614775ba411f02f.jpg", "modified": "2017-12-21T12:35:18.511Z"}}, {"model": "easy_thumbnails.source", "pk": 5, "fields": {"storage_hash": "5e4fc44a8986f46175c0675df42cf544", "name": "images/1029ff033e0cb09746bed925fa12dc8c.jpg", "modified": "2017-12-21T12:36:17.727Z"}}, {"model": "easy_thumbnails.source", "pk": 7, "fields": {"storage_hash": "5e4fc44a8986f46175c0675df42cf544", "name": "images/4a980b951fa6a6341cd561a06e1ddcf3.jpg", "modified": "2017-12-21T12:42:28.076Z"}}, {"model": "easy_thumbnails.source", "pk": 8, "fields": {"storage_hash": "5e4fc44a8986f46175c0675df42cf544", "name": "images/15dc4db1a4f7e788.jpeg", "modified": "2017-12-21T12:42:40.373Z"}}, {"model": "easy_thumbnails.source", "pk": 9, "fields": {"storage_hash": "5e4fc44a8986f46175c0675df42cf544", "name": "images/i3355508916.jpg", "modified": "2017-12-21T14:13:47.891Z"}}, {"model": "easy_thumbnails.source", "pk": 10, "fields": {"storage_hash": "5e4fc44a8986f46175c0675df42cf544", "name": "images/2a88193bde0e0649d834ece7da2cae3a.jpg", "modified": "2017-12-22T06:45:14.061Z"}}, {"model": "easy_thumbnails.source", "pk": 11, "fields": {"storage_hash": "5e4fc44a8986f46175c0675df42cf544", "name": "images/4c785c55c8524a63ddd29baf2a317f39.jpg", "modified": "2017-12-22T06:46:13.347Z"}}, {"model": "easy_thumbnails.source", "pk": 12, "fields": {"storage_hash": "5e4fc44a8986f46175c0675df42cf544", "name": "images/7d7b06effe73857e92db8d92f41fa636.jpg", "modified": "2017-12-22T07:28:27.437Z"}}, {"model": "easy_thumbnails.source", "pk": 13, "fields": {"storage_hash": "5e4fc44a8986f46175c0675df42cf544", "name": "images/15ff4f03d82132346.jpg", "modified": "2017-12-23T09:11:35.645Z"}}, {"model": "easy_thumbnails.source", "pk": 14, "fields": {"storage_hash": "5e4fc44a8986f46175c0675df42cf544", "name": "images/3faf792f7df44065672298209b9cca50.jpg", "modified": "2017-12-23T12:43:55.579Z"}}, {"model": "easy_thumbnails.source", "pk": 15, "fields": {"storage_hash": "5e4fc44a8986f46175c0675df42cf544", "name": "images/6d220fe45d79c7a8ed4b1365f4a6aacb.jpg", "modified": "2017-12-23T13:09:51.559Z"}}, {"model": "easy_thumbnails.source", "pk": 17, "fields": {"storage_hash": "5e4fc44a8986f46175c0675df42cf544", "name": "images/15dc4db1cf17e788.jpeg", "modified": "2017-12-23T13:11:30.284Z"}}, {"model": "easy_thumbnails.thumbnail", "pk": 1, "fields": {"storage_hash": "d26becbf46ac48eda79c7a39a13a02dd", "name": "images\\6KFMdgK_1.png.120x120_q85.jpg", "modified": "2017-12-21T12:09:23.499Z", "source": 1}}, {"model": "easy_thumbnails.thumbnail", "pk": 2, "fields": {"storage_hash": "d26becbf46ac48eda79c7a39a13a02dd", "name": "images\\55633e2c12bf86b22ff1cf1d92282451.jpg.120x120_q85.jpg", "modified": "2017-12-21T12:35:16.836Z", "source": 2}}, {"model": "easy_thumbnails.thumbnail", "pk": 3, "fields": {"storage_hash": "d26becbf46ac48eda79c7a39a13a02dd", "name": "images\\0005.jpg.120x120_q85.jpg", "modified": "2017-12-21T12:35:17.871Z", "source": 3}}, {"model": "easy_thumbnails.thumbnail", "pk": 4, "fields": {"storage_hash": "d26becbf46ac48eda79c7a39a13a02dd", "name": "images\\55ff6024ba47cb862614775ba411f02f.jpg.120x120_q85.jpg", "modified": "2017-12-21T12:35:49.663Z", "source": 4}}, {"model": "easy_thumbnails.thumbnail", "pk": 5, "fields": {"storage_hash": "d26becbf46ac48eda79c7a39a13a02dd", "name": "images\\1029ff033e0cb09746bed925fa12dc8c.jpg.120x120_q85.jpg", "modified": "2017-12-21T12:36:17.904Z", "source": 5}}, {"model": "easy_thumbnails.thumbnail", "pk": 7, "fields": {"storage_hash": "d26becbf46ac48eda79c7a39a13a02dd", "name": "images\\4a980b951fa6a6341cd561a06e1ddcf3.jpg.120x120_q85.jpg", "modified": "2017-12-21T12:42:28.174Z", "source": 7}}, {"model": "easy_thumbnails.thumbnail", "pk": 8, "fields": {"storage_hash": "d26becbf46ac48eda79c7a39a13a02dd", "name": "images\\15dc4db1a4f7e788.jpeg.120x120_q85.jpg", "modified": "2017-12-21T12:42:40.500Z", "source": 8}}, {"model": "easy_thumbnails.thumbnail", "pk": 9, "fields": {"storage_hash": "d26becbf46ac48eda79c7a39a13a02dd", "name": "images\\6KFMdgK_1.png.50x50_q85_crop.jpg", "modified": "2017-12-21T13:46:55.621Z", "source": 1}}, {"model": "easy_thumbnails.thumbnail", "pk": 10, "fields": {"storage_hash": "d26becbf46ac48eda79c7a39a13a02dd", "name": "images\\55633e2c12bf86b22ff1cf1d92282451.jpg.50x50_q85_crop.jpg", "modified": "2017-12-21T13:46:56.395Z", "source": 2}}, {"model": "easy_thumbnails.thumbnail", "pk": 11, "fields": {"storage_hash": "d26becbf46ac48eda79c7a39a13a02dd", "name": "images\\0005.jpg.50x50_q85_crop.jpg", "modified": "2017-12-21T13:46:57.120Z", "source": 3}}, {"model": "easy_thumbnails.thumbnail", "pk": 12, "fields": {"storage_hash": "d26becbf46ac48eda79c7a39a13a02dd", "name": "images\\55ff6024ba47cb862614775ba411f02f.jpg.50x50_q85_crop.jpg", "modified": "2017-12-21T13:46:57.648Z", "source": 4}}, {"model": "easy_thumbnails.thumbnail", "pk": 13, "fields": {"storage_hash": "d26becbf46ac48eda79c7a39a13a02dd", "name": "images\\1029ff033e0cb09746bed925fa12dc8c.jpg.50x50_q85_crop.jpg", "modified": "2017-12-21T13:46:58.166Z", "source": 5}}, {"model": "easy_thumbnails.thumbnail", "pk": 15, "fields": {"storage_hash": "d26becbf46ac48eda79c7a39a13a02dd", "name": "images\\4a980b951fa6a6341cd561a06e1ddcf3.jpg.50x50_q85_crop.jpg", "modified": "2017-12-21T13:46:59.469Z", "source": 7}}, {"model": "easy_thumbnails.thumbnail", "pk": 16, "fields": {"storage_hash": "d26becbf46ac48eda79c7a39a13a02dd", "name": "images\\15dc4db1a4f7e788.jpeg.50x50_q85_crop.jpg", "modified": "2017-12-21T13:46:59.926Z", "source": 8}}, {"model": "easy_thumbnails.thumbnail", "pk": 17, "fields": {"storage_hash": "5e4fc44a8986f46175c0675df42cf544", "name": "images\\6KFMdgK_1.png.50x50_q85_crop.jpg", "modified": "2017-12-21T14:12:36.886Z", "source": 1}}, {"model": "easy_thumbnails.thumbnail", "pk": 18, "fields": {"storage_hash": "5e4fc44a8986f46175c0675df42cf544", "name": "images\\55633e2c12bf86b22ff1cf1d92282451.jpg.50x50_q85_crop.jpg", "modified": "2017-12-21T14:12:38.358Z", "source": 2}}, {"model": "easy_thumbnails.thumbnail", "pk": 19, "fields": {"storage_hash": "5e4fc44a8986f46175c0675df42cf544", "name": "images\\0005.jpg.50x50_q85_crop.jpg", "modified": "2017-12-21T14:12:39.734Z", "source": 3}}, {"model": "easy_thumbnails.thumbnail", "pk": 20, "fields": {"storage_hash": "5e4fc44a8986f46175c0675df42cf544", "name": "images\\55ff6024ba47cb862614775ba411f02f.jpg.50x50_q85_crop.jpg", "modified": "2017-12-21T14:12:40.743Z", "source": 4}}, {"model": "easy_thumbnails.thumbnail", "pk": 21, "fields": {"storage_hash": "5e4fc44a8986f46175c0675df42cf544", "name": "images\\1029ff033e0cb09746bed925fa12dc8c.jpg.50x50_q85_crop.jpg", "modified": "2017-12-21T14:12:41.836Z", "source": 5}}, {"model": "easy_thumbnails.thumbnail", "pk": 23, "fields": {"storage_hash": "5e4fc44a8986f46175c0675df42cf544", "name": "images\\4a980b951fa6a6341cd561a06e1ddcf3.jpg.50x50_q85_crop.jpg", "modified": "2017-12-21T14:12:44.298Z", "source": 7}}, {"model": "easy_thumbnails.thumbnail", "pk": 24, "fields": {"storage_hash": "5e4fc44a8986f46175c0675df42cf544", "name": "images\\15dc4db1a4f7e788.jpeg.50x50_q85_crop.jpg", "modified": "2017-12-21T14:12:45.155Z", "source": 8}}, {"model": "easy_thumbnails.thumbnail", "pk": 25, "fields": {"storage_hash": "5e4fc44a8986f46175c0675df42cf544", "name": "images\\i3355508916.jpg.50x50_q85_crop.jpg", "modified": "2017-12-21T14:13:48.031Z", "source": 9}}, {"model": "easy_thumbnails.thumbnail", "pk": 26, "fields": {"storage_hash": "5e4fc44a8986f46175c0675df42cf544", "name": "images\\2a88193bde0e0649d834ece7da2cae3a.jpg.50x50_q85_crop.jpg", "modified": "2017-12-22T06:45:14.214Z", "source": 10}}, {"model": "easy_thumbnails.thumbnail", "pk": 27, "fields": {"storage_hash": "5e4fc44a8986f46175c0675df42cf544", "name": "images\\4c785c55c8524a63ddd29baf2a317f39.jpg.50x50_q85_crop.jpg", "modified": "2017-12-22T06:46:13.480Z", "source": 11}}, {"model": "easy_thumbnails.thumbnail", "pk": 28, "fields": {"storage_hash": "5e4fc44a8986f46175c0675df42cf544", "name": "images\\7d7b06effe73857e92db8d92f41fa636.jpg.50x50_q85_crop.jpg", "modified": "2017-12-22T07:28:27.545Z", "source": 12}}, {"model": "easy_thumbnails.thumbnail", "pk": 29, "fields": {"storage_hash": "5e4fc44a8986f46175c0675df42cf544", "name": "images\\15ff4f03d82132346.jpg.50x50_q85_crop.jpg", "modified": "2017-12-23T09:11:35.828Z", "source": 13}}, {"model": "easy_thumbnails.thumbnail", "pk": 30, "fields": {"storage_hash": "5e4fc44a8986f46175c0675df42cf544", "name": "images\\6KFMdgK_1.png.100x100_q85_crop.jpg", "modified": "2017-12-23T12:40:42.321Z", "source": 1}}, {"model": "easy_thumbnails.thumbnail", "pk": 31, "fields": {"storage_hash": "5e4fc44a8986f46175c0675df42cf544", "name": "images\\3faf792f7df44065672298209b9cca50.jpg.250x250_q85_crop.jpg", "modified": "2017-12-23T12:43:55.703Z", "source": 14}}, {"model": "easy_thumbnails.thumbnail", "pk": 32, "fields": {"storage_hash": "5e4fc44a8986f46175c0675df42cf544", "name": "images\\3faf792f7df44065672298209b9cca50.jpg.50x50_q85_crop.jpg", "modified": "2017-12-23T12:43:57.085Z", "source": 14}}, {"model": "easy_thumbnails.thumbnail", "pk": 34, "fields": {"storage_hash": "5e4fc44a8986f46175c0675df42cf544", "name": "images\\6d220fe45d79c7a8ed4b1365f4a6aacb.jpg.250x250_q85_crop.jpg", "modified": "2017-12-23T13:09:51.562Z", "source": 15}}, {"model": "easy_thumbnails.thumbnail", "pk": 35, "fields": {"storage_hash": "5e4fc44a8986f46175c0675df42cf544", "name": "images\\6KFMdgK_1.png.250x250_q85_crop.jpg", "modified": "2017-12-23T13:10:04.685Z", "source": 1}}, {"model": "easy_thumbnails.thumbnail", "pk": 36, "fields": {"storage_hash": "5e4fc44a8986f46175c0675df42cf544", "name": "images\\4c785c55c8524a63ddd29baf2a317f39.jpg.250x250_q85_crop.jpg", "modified": "2017-12-23T13:10:17.745Z", "source": 11}}, {"model": "easy_thumbnails.thumbnail", "pk": 38, "fields": {"storage_hash": "5e4fc44a8986f46175c0675df42cf544", "name": "images\\15dc4db1cf17e788.jpeg.250x250_q85_crop.jpg", "modified": "2017-12-23T13:11:30.286Z", "source": 17}}, {"model": "admin.logentry", "pk": 1, "fields": {"action_time": "2017-12-21T07:47:52.296Z", "user": 1, "content_type": 7, "object_id": "10", "object_repr": "PhotoEntity object (10)", "action_flag": 3, "change_message": ""}}, {"model": "admin.logentry", "pk": 2, "fields": {"action_time": "2017-12-21T07:47:52.390Z", "user": 1, "content_type": 7, "object_id": "9", "object_repr": "PhotoEntity object (9)", "action_flag": 3, "change_message": ""}}, {"model": "admin.logentry", "pk": 3, "fields": {"action_time": "2017-12-21T07:47:52.499Z", "user": 1, "content_type": 7, "object_id": "8", "object_repr": "PhotoEntity object (8)", "action_flag": 3, "change_message": ""}}, {"model": "admin.logentry", "pk": 4, "fields": {"action_time": "2017-12-21T07:47:52.628Z", "user": 1, "content_type": 7, "object_id": "7", "object_repr": "PhotoEntity object (7)", "action_flag": 3, "change_message": ""}}, {"model": "admin.logentry", "pk": 5, "fields": {"action_time": "2017-12-21T07:47:52.790Z", "user": 1, "content_type": 7, "object_id": "6", "object_repr": "PhotoEntity object (6)", "action_flag": 3, "change_message": ""}}, {"model": "admin.logentry", "pk": 6, "fields": {"action_time": "2017-12-21T07:47:52.874Z", "user": 1, "content_type": 7, "object_id": "5", "object_repr": "PhotoEntity object (5)", "action_flag": 3, "change_message": ""}}, {"model": "admin.logentry", "pk": 7, "fields": {"action_time": "2017-12-21T07:47:52.966Z", "user": 1, "content_type": 7, "object_id": "4", "object_repr": "PhotoEntity object (4)", "action_flag": 3, "change_message": ""}}, {"model": "admin.logentry", "pk": 8, "fields": {"action_time": "2017-12-21T07:47:53.057Z", "user": 1, "content_type": 7, "object_id": "3", "object_repr": "PhotoEntity object (3)", "action_flag": 3, "change_message": ""}}, {"model": "admin.logentry", "pk": 9, "fields": {"action_time": "2017-12-21T07:47:53.224Z", "user": 1, "content_type": 7, "object_id": "2", "object_repr": "PhotoEntity object (2)", "action_flag": 3, "change_message": ""}}, {"model": "admin.logentry", "pk": 10, "fields": {"action_time": "2017-12-21T07:47:53.390Z", "user": 1, "content_type": 7, "object_id": "1", "object_repr": "PhotoEntity object (1)", "action_flag": 3, "change_message": ""}}, {"model": "admin.logentry", "pk": 11, "fields": {"action_time": "2017-12-21T07:53:35.831Z", "user": 1, "content_type": 7, "object_id": "11", "object_repr": "PhotoEntity object (11)", "action_flag": 3, "change_message": ""}}, {"model": "admin.logentry", "pk": 12, "fields": {"action_time": "2017-12-21T07:55:09.479Z", "user": 1, "content_type": 7, "object_id": "12", "object_repr": "PhotoEntity object (12)", "action_flag": 3, "change_message": ""}}, {"model": "admin.logentry", "pk": 13, "fields": {"action_time": "2017-12-22T06:43:17.251Z", "user": 1, "content_type": 7, "object_id": "15", "object_repr": "PhotoEntity object (15)", "action_flag": 3, "change_message": ""}}, {"model": "admin.logentry", "pk": 14, "fields": {"action_time": "2017-12-22T06:44:11.285Z", "user": 1, "content_type": 7, "object_id": "14", "object_repr": "PhotoEntity object (14)", "action_flag": 3, "change_message": ""}}, {"model": "admin.logentry", "pk": 15, "fields": {"action_time": "2017-12-22T06:44:11.380Z", "user": 1, "content_type": 7, "object_id": "13", "object_repr": "PhotoEntity object (13)", "action_flag": 3, "change_message": ""}}, {"model": "admin.logentry", "pk": 16, "fields": {"action_time": "2017-12-22T06:44:11.463Z", "user": 1, "content_type": 7, "object_id": "12", "object_repr": "PhotoEntity object (12)", "action_flag": 3, "change_message": ""}}, {"model": "admin.logentry", "pk": 17, "fields": {"action_time": "2017-12-22T06:44:11.555Z", "user": 1, "content_type": 7, "object_id": "11", "object_repr": "PhotoEntity object (11)", "action_flag": 3, "change_message": ""}}, {"model": "admin.logentry", "pk": 18, "fields": {"action_time": "2017-12-22T06:44:11.671Z", "user": 1, "content_type": 7, "object_id": "10", "object_repr": "PhotoEntity object (10)", "action_flag": 3, "change_message": ""}}, {"model": "admin.logentry", "pk": 19, "fields": {"action_time": "2017-12-22T06:44:11.829Z", "user": 1, "content_type": 7, "object_id": "9", "object_repr": "PhotoEntity object (9)", "action_flag": 3, "change_message": ""}}, {"model": "admin.logentry", "pk": 20, "fields": {"action_time": "2017-12-22T06:44:11.980Z", "user": 1, "content_type": 7, "object_id": "8", "object_repr": "PhotoEntity object (8)", "action_flag": 3, "change_message": ""}}, {"model": "admin.logentry", "pk": 21, "fields": {"action_time": "2017-12-22T06:44:12.063Z", "user": 1, "content_type": 7, "object_id": "7", "object_repr": "PhotoEntity object (7)", "action_flag": 3, "change_message": ""}}, {"model": "admin.logentry", "pk": 22, "fields": {"action_time": "2017-12-22T06:44:12.155Z", "user": 1, "content_type": 7, "object_id": "6", "object_repr": "PhotoEntity object (6)", "action_flag": 3, "change_message": ""}}, {"model": "admin.logentry", "pk": 23, "fields": {"action_time": "2017-12-22T06:44:12.254Z", "user": 1, "content_type": 7, "object_id": "5", "object_repr": "PhotoEntity object (5)", "action_flag": 3, "change_message": ""}}, {"model": "admin.logentry", "pk": 24, "fields": {"action_time": "2017-12-22T06:44:12.346Z", "user": 1, "content_type": 7, "object_id": "4", "object_repr": "PhotoEntity object (4)", "action_flag": 3, "change_message": ""}}, {"model": "admin.logentry", "pk": 25, "fields": {"action_time": "2017-12-22T06:44:12.446Z", "user": 1, "content_type": 7, "object_id": "3", "object_repr": "PhotoEntity object (3)", "action_flag": 3, "change_message": ""}}, {"model": "admin.logentry", "pk": 26, "fields": {"action_time": "2017-12-22T06:44:12.546Z", "user": 1, "content_type": 7, "object_id": "2", "object_repr": "PhotoEntity object (2)", "action_flag": 3, "change_message": ""}}, {"model": "admin.logentry", "pk": 27, "fields": {"action_time": "2017-12-22T06:44:12.638Z", "user": 1, "content_type": 7, "object_id": "1", "object_repr": "PhotoEntity object (1)", "action_flag": 3, "change_message": ""}}, {"model": "admin.logentry", "pk": 28, "fields": {"action_time": "2017-12-22T07:27:59.794Z", "user": 1, "content_type": 7, "object_id": "19", "object_repr": "PhotoEntity object (19)", "action_flag": 1, "change_message": "[{\"added\": {}}]"}}, {"model": "admin.logentry", "pk": 29, "fields": {"action_time": "2017-12-22T10:40:10.059Z", "user": 1, "content_type": 12, "object_id": "1", "object_repr": "WorkEntity object (1)", "action_flag": 1, "change_message": "[{\"added\": {}}]"}}, {"model": "admin.logentry", "pk": 30, "fields": {"action_time": "2017-12-22T10:42:08.088Z", "user": 1, "content_type": 12, "object_id": "1", "object_repr": "WorkEntity object (1)", "action_flag": 2, "change_message": "[]"}}, {"model": "admin.logentry", "pk": 31, "fields": {"action_time": "2017-12-23T03:29:24.355Z", "user": 1, "content_type": 12, "object_id": "1", "object_repr": "WorkEntity object (1)", "action_flag": 2, "change_message": "[]"}}, {"model": "admin.logentry", "pk": 32, "fields": {"action_time": "2017-12-23T03:30:25.939Z", "user": 1, "content_type": 12, "object_id": "1", "object_repr": "WorkEntity object (1)", "action_flag": 2, "change_message": "[]"}}, {"model": "admin.logentry", "pk": 33, "fields": {"action_time": "2017-12-23T03:31:17.629Z", "user": 1, "content_type": 12, "object_id": "1", "object_repr": "WorkEntity object (1)", "action_flag": 2, "change_message": "[{\"changed\": {\"fields\": [\"work_content\"]}}]"}}, {"model": "admin.logentry", "pk": 34, "fields": {"action_time": "2017-12-23T09:10:52.227Z", "user": 1, "content_type": 7, "object_id": "17", "object_repr": "PhotoEntity object (17)", "action_flag": 3, "change_message": ""}}, {"model": "admin.logentry", "pk": 35, "fields": {"action_time": "2017-12-23T09:11:23.730Z", "user": 1, "content_type": 7, "object_id": "20", "object_repr": "PhotoEntity object (20)", "action_flag": 1, "change_message": "[{\"added\": {}}]"}}, {"model": "admin.logentry", "pk": 36, "fields": {"action_time": "2017-12-23T12:40:42.324Z", "user": 1, "content_type": 7, "object_id": "21", "object_repr": "PhotoEntity object (21)", "action_flag": 1, "change_message": "[{\"added\": {}}]"}}, {"model": "admin.logentry", "pk": 37, "fields": {"action_time": "2017-12-23T12:42:34.466Z", "user": 1, "content_type": 7, "object_id": "21", "object_repr": "PhotoEntity object (21)", "action_flag": 3, "change_message": ""}}, {"model": "admin.logentry", "pk": 38, "fields": {"action_time": "2017-12-23T12:42:34.570Z", "user": 1, "content_type": 7, "object_id": "20", "object_repr": "PhotoEntity object (20)", "action_flag": 3, "change_message": ""}}, {"model": "admin.logentry", "pk": 39, "fields": {"action_time": "2017-12-23T12:42:34.678Z", "user": 1, "content_type": 7, "object_id": "19", "object_repr": "PhotoEntity object (19)", "action_flag": 3, "change_message": ""}}, {"model": "admin.logentry", "pk": 40, "fields": {"action_time": "2017-12-23T12:42:34.786Z", "user": 1, "content_type": 7, "object_id": "18", "object_repr": "PhotoEntity object (18)", "action_flag": 3, "change_message": ""}}, {"model": "admin.logentry", "pk": 41, "fields": {"action_time": "2017-12-23T12:42:34.911Z", "user": 1, "content_type": 7, "object_id": "16", "object_repr": "PhotoEntity object (16)", "action_flag": 3, "change_message": ""}}, {"model": "admin.logentry", "pk": 42, "fields": {"action_time": "2017-12-23T12:45:17.539Z", "user": 1, "content_type": 7, "object_id": "22", "object_repr": "PhotoEntity object (22)", "action_flag": 3, "change_message": ""}}, {"model": "admin.logentry", "pk": 43, "fields": {"action_time": "2017-12-23T12:58:59.946Z", "user": 1, "content_type": 7, "object_id": "23", "object_repr": "PhotoEntity object (23)", "action_flag": 1, "change_message": "[{\"added\": {}}]"}}, {"model": "admin.logentry", "pk": 44, "fields": {"action_time": "2017-12-23T12:59:17.610Z", "user": 1, "content_type": 7, "object_id": "23", "object_repr": "PhotoEntity object (23)", "action_flag": 3, "change_message": ""}}, {"model": "admin.logentry", "pk": 45, "fields": {"action_time": "2017-12-23T13:09:51.565Z", "user": 1, "content_type": 7, "object_id": "24", "object_repr": "PhotoEntity object (24)", "action_flag": 1, "change_message": "[{\"added\": {}}]"}}, {"model": "admin.logentry", "pk": 46, "fields": {"action_time": "2017-12-23T13:10:04.688Z", "user": 1, "content_type": 7, "object_id": "25", "object_repr": "PhotoEntity object (25)", "action_flag": 1, "change_message": "[{\"added\": {}}]"}}, {"model": "admin.logentry", "pk": 47, "fields": {"action_time": "2017-12-23T13:10:17.747Z", "user": 1, "content_type": 7, "object_id": "26", "object_repr": "PhotoEntity object (26)", "action_flag": 1, "change_message": "[{\"added\": {}}]"}}, {"model": "admin.logentry", "pk": 48, "fields": {"action_time": "2017-12-23T13:11:09.482Z", "user": 1, "content_type": 7, "object_id": "27", "object_repr": "PhotoEntity object (27)", "action_flag": 1, "change_message": "[{\"added\": {}}]"}}, {"model": "admin.logentry", "pk": 49, "fields": {"action_time": "2017-12-23T13:11:30.287Z", "user": 1, "content_type": 7, "object_id": "28", "object_repr": "PhotoEntity object (28)", "action_flag": 1, "change_message": "[{\"added\": {}}]"}}, {"model": "admin.logentry", "pk": 50, "fields": {"action_time": "2017-12-23T13:33:03.007Z", "user": 1, "content_type": 7, "object_id": "27", "object_repr": "PhotoEntity object (27)", "action_flag": 3, "change_message": ""}}, {"model": "admin.logentry", "pk": 51, "fields": {"action_time": "2017-12-24T18:08:49.874Z", "user": 1, "content_type": 11, "object_id": "1", "object_repr": "BioEntity object (1)", "action_flag": 1, "change_message": "[{\"added\": {}}]"}}, {"model": "admin.logentry", "pk": 52, "fields": {"action_time": "2017-12-24T18:11:28.113Z", "user": 1, "content_type": 11, "object_id": "1", "object_repr": "BioEntity object (1)", "action_flag": 2, "change_message": "[{\"changed\": {\"fields\": [\"bio_title\"]}}]"}}, {"model": "admin.logentry", "pk": 53, "fields": {"action_time": "2017-12-24T18:21:00.275Z", "user": 1, "content_type": 11, "object_id": "2", "object_repr": "BioEntity object (2)", "action_flag": 1, "change_message": "[{\"added\": {}}]"}}, {"model": "admin.logentry", "pk": 54, "fields": {"action_time": "2017-12-24T18:21:43.216Z", "user": 1, "content_type": 11, "object_id": "2", "object_repr": "BioEntity object (2)", "action_flag": 2, "change_message": "[{\"changed\": {\"fields\": [\"bio_content\"]}}]"}}, {"model": "admin.logentry", "pk": 55, "fields": {"action_time": "2017-12-24T18:25:39.408Z", "user": 1, "content_type": 11, "object_id": "2", "object_repr": "BioEntity object (2)", "action_flag": 2, "change_message": "[{\"changed\": {\"fields\": [\"bio_content\"]}}]"}}, {"model": "admin.logentry", "pk": 56, "fields": {"action_time": "2017-12-24T18:26:51.123Z", "user": 1, "content_type": 11, "object_id": "1", "object_repr": "BioEntity object (1)", "action_flag": 2, "change_message": "[]"}}, {"model": "admin.logentry", "pk": 57, "fields": {"action_time": "2017-12-24T18:43:46.497Z", "user": 1, "content_type": 11, "object_id": "2", "object_repr": "BioEntity object (2)", "action_flag": 2, "change_message": "[{\"changed\": {\"fields\": [\"bio_content\"]}}]"}}, {"model": "admin.logentry", "pk": 58, "fields": {"action_time": "2017-12-24T18:43:58.065Z", "user": 1, "content_type": 11, "object_id": "1", "object_repr": "BioEntity object (1)", "action_flag": 2, "change_message": "[{\"changed\": {\"fields\": [\"bio_content\"]}}]"}}, {"model": "admin.logentry", "pk": 59, "fields": {"action_time": "2017-12-24T18:48:40.807Z", "user": 1, "content_type": 11, "object_id": "2", "object_repr": "BioEntity object (2)", "action_flag": 2, "change_message": "[]"}}, {"model": "admin.logentry", "pk": 60, "fields": {"action_time": "2017-12-24T18:57:43.948Z", "user": 1, "content_type": 11, "object_id": "2", "object_repr": "BioEntity object (2)", "action_flag": 2, "change_message": "[{\"changed\": {\"fields\": [\"bio_content\"]}}]"}}, {"model": "admin.logentry", "pk": 61, "fields": {"action_time": "2017-12-24T18:59:51.426Z", "user": 1, "content_type": 11, "object_id": "2", "object_repr": "BioEntity object (2)", "action_flag": 2, "change_message": "[{\"changed\": {\"fields\": [\"bio_content\"]}}]"}}, {"model": "admin.logentry", "pk": 62, "fields": {"action_time": "2017-12-24T19:01:03.414Z", "user": 1, "content_type": 11, "object_id": "2", "object_repr": "BioEntity object (2)", "action_flag": 2, "change_message": "[{\"changed\": {\"fields\": [\"bio_content\"]}}]"}}, {"model": "admin.logentry", "pk": 63, "fields": {"action_time": "2017-12-24T19:12:17.686Z", "user": 1, "content_type": 11, "object_id": "3", "object_repr": "BioEntity object (3)", "action_flag": 1, "change_message": "[{\"added\": {}}]"}}, {"model": "admin.logentry", "pk": 64, "fields": {"action_time": "2017-12-24T19:13:14.566Z", "user": 1, "content_type": 11, "object_id": "3", "object_repr": "BioEntity object (3)", "action_flag": 2, "change_message": "[]"}}, {"model": "admin.logentry", "pk": 65, "fields": {"action_time": "2017-12-24T19:13:21.861Z", "user": 1, "content_type": 11, "object_id": "2", "object_repr": "BioEntity object (2)", "action_flag": 2, "change_message": "[{\"changed\": {\"fields\": [\"bio_content\"]}}]"}}, {"model": "admin.logentry", "pk": 66, "fields": {"action_time": "2017-12-24T19:14:34.067Z", "user": 1, "content_type": 11, "object_id": "3", "object_repr": "BioEntity object (3)", "action_flag": 2, "change_message": "[{\"changed\": {\"fields\": [\"bio_content\"]}}]"}}, {"model": "admin.logentry", "pk": 67, "fields": {"action_time": "2017-12-24T19:19:41.900Z", "user": 1, "content_type": 11, "object_id": "1", "object_repr": "BioEntity object (1)", "action_flag": 2, "change_message": "[]"}}, {"model": "admin.logentry", "pk": 68, "fields": {"action_time": "2017-12-24T19:21:54.589Z", "user": 1, "content_type": 11, "object_id": "2", "object_repr": "BioEntity object (2)", "action_flag": 2, "change_message": "[{\"changed\": {\"fields\": [\"bio_content\"]}}]"}}, {"model": "admin.logentry", "pk": 69, "fields": {"action_time": "2017-12-24T19:22:19.371Z", "user": 1, "content_type": 11, "object_id": "2", "object_repr": "BioEntity object (2)", "action_flag": 2, "change_message": "[{\"changed\": {\"fields\": [\"bio_content\"]}}]"}}, {"model": "admin.logentry", "pk": 70, "fields": {"action_time": "2017-12-24T19:27:03.773Z", "user": 1, "content_type": 11, "object_id": "3", "object_repr": "BioEntity object (3)", "action_flag": 2, "change_message": "[{\"changed\": {\"fields\": [\"bio_content\"]}}]"}}, {"model": "admin.logentry", "pk": 71, "fields": {"action_time": "2017-12-24T19:27:23.192Z", "user": 1, "content_type": 11, "object_id": "2", "object_repr": "BioEntity object (2)", "action_flag": 2, "change_message": "[{\"changed\": {\"fields\": [\"bio_content\"]}}]"}}, {"model": "admin.logentry", "pk": 72, "fields": {"action_time": "2017-12-24T19:27:51.176Z", "user": 1, "content_type": 11, "object_id": "2", "object_repr": "BioEntity object (2)", "action_flag": 2, "change_message": "[{\"changed\": {\"fields\": [\"bio_title\"]}}]"}}, {"model": "admin.logentry", "pk": 73, "fields": {"action_time": "2017-12-24T19:32:05.636Z", "user": 1, "content_type": 11, "object_id": "3", "object_repr": "BioEntity object (3)", "action_flag": 2, "change_message": "[{\"changed\": {\"fields\": [\"bio_title\", \"bio_content\"]}}]"}}, {"model": "admin.logentry", "pk": 74, "fields": {"action_time": "2017-12-24T19:32:49.564Z", "user": 1, "content_type": 11, "object_id": "2", "object_repr": "BioEntity object (2)", "action_flag": 2, "change_message": "[{\"changed\": {\"fields\": [\"bio_content\"]}}]"}}, {"model": "admin.logentry", "pk": 75, "fields": {"action_time": "2017-12-24T19:34:10.120Z", "user": 1, "content_type": 11, "object_id": "3", "object_repr": "BioEntity object (3)", "action_flag": 2, "change_message": "[{\"changed\": {\"fields\": [\"bio_content\"]}}]"}}, {"model": "admin.logentry", "pk": 76, "fields": {"action_time": "2017-12-24T19:38:05.676Z", "user": 1, "content_type": 11, "object_id": "4", "object_repr": "BioEntity object (4)", "action_flag": 1, "change_message": "[{\"added\": {}}]"}}, {"model": "admin.logentry", "pk": 77, "fields": {"action_time": "2017-12-24T19:38:18.139Z", "user": 1, "content_type": 11, "object_id": "4", "object_repr": "BioEntity object (4)", "action_flag": 2, "change_message": "[{\"changed\": {\"fields\": [\"bio_content\"]}}]"}}, {"model": "admin.logentry", "pk": 78, "fields": {"action_time": "2017-12-24T19:38:25.647Z", "user": 1, "content_type": 11, "object_id": "3", "object_repr": "BioEntity object (3)", "action_flag": 2, "change_message": "[]"}}, {"model": "admin.logentry", "pk": 79, "fields": {"action_time": "2017-12-24T19:38:44.976Z", "user": 1, "content_type": 11, "object_id": "3", "object_repr": "BioEntity object (3)", "action_flag": 2, "change_message": "[]"}}, {"model": "admin.logentry", "pk": 80, "fields": {"action_time": "2017-12-24T19:38:55.202Z", "user": 1, "content_type": 11, "object_id": "3", "object_repr": "BioEntity object (3)", "action_flag": 2, "change_message": "[{\"changed\": {\"fields\": [\"bio_content\"]}}]"}}, {"model": "admin.logentry", "pk": 81, "fields": {"action_time": "2017-12-24T19:38:59.011Z", "user": 1, "content_type": 11, "object_id": "4", "object_repr": "BioEntity object (4)", "action_flag": 2, "change_message": "[]"}}, {"model": "admin.logentry", "pk": 82, "fields": {"action_time": "2017-12-24T19:39:04.616Z", "user": 1, "content_type": 11, "object_id": "4", "object_repr": "BioEntity object (4)", "action_flag": 2, "change_message": "[{\"changed\": {\"fields\": [\"bio_content\"]}}]"}}, {"model": "admin.logentry", "pk": 83, "fields": {"action_time": "2017-12-24T19:39:11.831Z", "user": 1, "content_type": 11, "object_id": "4", "object_repr": "BioEntity object (4)", "action_flag": 2, "change_message": "[{\"changed\": {\"fields\": [\"bio_content\"]}}]"}}, {"model": "admin.logentry", "pk": 84, "fields": {"action_time": "2017-12-24T19:39:22.190Z", "user": 1, "content_type": 11, "object_id": "3", "object_repr": "BioEntity object (3)", "action_flag": 2, "change_message": "[{\"changed\": {\"fields\": [\"bio_content\"]}}]"}}, {"model": "admin.logentry", "pk": 85, "fields": {"action_time": "2017-12-24T19:59:02.805Z", "user": 1, "content_type": 12, "object_id": "1", "object_repr": "WorkEntity object (1)", "action_flag": 2, "change_message": "[{\"changed\": {\"fields\": [\"work_title\", \"work_content\"]}}]"}}, {"model": "admin.logentry", "pk": 86, "fields": {"action_time": "2017-12-24T20:01:14.578Z", "user": 1, "content_type": 12, "object_id": "2", "object_repr": "WorkEntity object (2)", "action_flag": 1, "change_message": "[{\"added\": {}}]"}}, {"model": "admin.logentry", "pk": 87, "fields": {"action_time": "2017-12-24T20:01:36.790Z", "user": 1, "content_type": 12, "object_id": "2", "object_repr": "WorkEntity object (2)", "action_flag": 2, "change_message": "[{\"changed\": {\"fields\": [\"work_content\"]}}]"}}, {"model": "admin.logentry", "pk": 88, "fields": {"action_time": "2017-12-24T20:02:20.460Z", "user": 1, "content_type": 12, "object_id": "2", "object_repr": "WorkEntity object (2)", "action_flag": 2, "change_message": "[{\"changed\": {\"fields\": [\"work_content\"]}}]"}}, {"model": "admin.logentry", "pk": 89, "fields": {"action_time": "2017-12-25T11:09:47.282Z", "user": 1, "content_type": 4, "object_id": "2", "object_repr": "qkddjs", "action_flag": 1, "change_message": "[{\"added\": {}}]"}}, {"model": "admin.logentry", "pk": 90, "fields": {"action_time": "2017-12-25T11:12:00.586Z", "user": 1, "content_type": 4, "object_id": "2", "object_repr": "qkddjs", "action_flag": 2, "change_message": "[{\"changed\": {\"fields\": [\"first_name\", \"last_name\", \"email\", \"is_staff\", \"user_permissions\"]}}]"}}, {"model": "admin.logentry", "pk": 91, "fields": {"action_time": "2017-12-25T11:12:30.867Z", "user": 1, "content_type": 4, "object_id": "1", "object_repr": "admin", "action_flag": 2, "change_message": "[{\"changed\": {\"fields\": [\"first_name\"]}}]"}}]